https://maps.app.goo.gl/urtaV8mCjcftZrny8,"宵夜街"
https://maps.app.goo.gl/MoPYVcGUBSyu7gho6,"宵夜街"
https://maps.app.goo.gl/E1oLNmDY1ypewQMG9,"宵夜街"
https://maps.app.goo.gl/3Va6isDFJqvUkWVo8,"宵夜街"
https://maps.app.goo.gl/oxLagr1LjxUfqSWB7,"宵夜街"
https://maps.app.goo.gl/DL72MqkiHm9E68iS9,"宵夜街"
https://maps.app.goo.gl/6Neu44ufcw6u7yiX6,"宵夜街"
https://maps.app.goo.gl/vzkKHcfSiCQtstex8,"宵夜街"
https://maps.app.goo.gl/zMqXc66xvX6PkXDR6,"宵夜街"
https://maps.app.goo.gl/Mi8MAiP9zHfGGvV57,"宵夜街"
https://maps.app.goo.gl/yghxmhePdSH6ukrbA,"宵夜街"
https://maps.app.goo.gl/BWjWuPvt49EzSoWB7,"宵夜街"
https://maps.app.goo.gl/A6anziNgB3frirMZA,"宵夜街"
https://maps.app.goo.gl/i9BwxcKwCocNvUnr6,"宵夜街"
https://maps.app.goo.gl/k3crfdLJE16jyysi6,"宵夜街"
https://maps.app.goo.gl/iLqLnaXbENeJq5yQ9,"宵夜街"
https://maps.app.goo.gl/2rxc6Zy6F4gK6k9n7,"宵夜街"
https://maps.app.goo.gl/uxVn2hfFVqFjYfmMA,"宵夜街"
https://maps.app.goo.gl/Bbq4zfaQ3Wx23bwJ8,"宵夜街"
https://maps.app.goo.gl/rd6jzgoojj57aDtm9,"宵夜街"
https://maps.app.goo.gl/DzmqB3zDp1doiDoz6,"宵夜街"
https://maps.app.goo.gl/ApxRtpAs3SGdpPEH9,"宵夜街"
https://maps.app.goo.gl/dzgEf1d6CnXDzWU17,"宵夜街"
https://maps.app.goo.gl/ZyQADSQSBNVNyY5D6,"宵夜街"
https://maps.app.goo.gl/m5hfJNsxcDfzuErH7,"宵夜街"
https://maps.app.goo.gl/ndB6u5tS3HnNYdnN9,"宵夜街"
https://maps.app.goo.gl/f2eD5U35uwbeHGRE6,"宵夜街"
https://maps.app.goo.gl/ebQU1yDxvVADnMi49,"宵夜街"
https://maps.app.goo.gl/vqhGNCgf1cg6ruM3A,"宵夜街"
https://maps.app.goo.gl/oX8pKYvfujiVF7X17,"宵夜街"
https://maps.app.goo.gl/8GYjFhAiWWLDoxpc9,"宵夜街"
https://maps.app.goo.gl/z3FY4wd2WhoYahSt9,"宵夜街"
https://maps.app.goo.gl/jDCKCtWaK8UyGsas7,"宵夜街"
https://maps.app.goo.gl/viXwgeFuUEQ8YRFv7,"宵夜街"
https://maps.app.goo.gl/1m36TdBASzmzL1Tc6,"後門"
https://maps.app.goo.gl/oXRwGk9J14CVbCCf8,"後門"
https://maps.app.goo.gl/YKoTyPCaf5gMuFDJ6,"後門"
https://maps.app.goo.gl/pDmC6hrBNSsFm9qc8,"後門"
https://maps.app.goo.gl/em1kBiEVoMAZxSjh9,"後門"
https://maps.app.goo.gl/VQm8au1gcttRvXms7,"後門"
https://maps.app.goo.gl/7gy9J8VdzEjTJqsA7,"後門"
https://maps.app.goo.gl/SxAynzauXoqWM8t79,"後門"
https://maps.app.goo.gl/z1S9FQ6GsgsAzZrJ6,"後門"
https://maps.app.goo.gl/KPs9Wq6ZCKmxafH67,"後門"
https://maps.app.goo.gl/s6Riuo6qaLr3kuvo6,"後門"
https://maps.app.goo.gl/ept5mnxvqysAypMp6,"後門"
https://maps.app.goo.gl/7vGxseC4yUh2Zq3p9,"後門"
https://maps.app.goo.gl/LgeVK6ccBw32Q2SRA,"後門"
https://maps.app.goo.gl/1WP2KxVUusC9XADu5,"後門"
https://maps.app.goo.gl/zMW6fEmihYWxpLFF9,"後門"
https://maps.app.goo.gl/6guWw9wQ6YRTz7tg6,"後門"
https://maps.app.goo.gl/sxTAKwz8HqzsnQ577,"後門"
https://maps.app.goo.gl/ZpxM8joFAVReG8Wk6,"後門"
https://maps.app.goo.gl/wo5JUQyU9QK3HDn6A,"後門"
https://maps.app.goo.gl/uoZQsJJhRfoHZPgE8,"後門"
https://maps.app.goo.gl/ersxv6FG5ReDV2z96,"後門"
https://maps.app.goo.gl/HBa3FPmF2Yps5hX2A,"後門"
https://maps.app.goo.gl/KiwLAgb6WWJH6BbH7,"後門"
https://maps.app.goo.gl/qtwz22Kh3uMhRzuj6,"後門"
https://maps.app.goo.gl/fCFb9D6DxT5WEEWj7,"後門"
https://maps.app.goo.gl/DmLYqV7fcgWkfq9e7,"後門"
https://maps.app.goo.gl/xtEsfaSsEAuYXi9M9,"後門"
https://maps.app.goo.gl/rLTx7e4N5qo9EdvF6,"後門"
https://maps.app.goo.gl/vDwm4mqLHtYZqox87,"後門"
https://maps.app.goo.gl/MCUQsYzwqphGMmzn7,"後門"
https://maps.app.goo.gl/ru2rGzDcj69fiaYG8,"後門"
https://maps.app.goo.gl/F3aK986AebCzJFHP6,"後門"
https://maps.app.goo.gl/y5U5AMwJuABNKs3Y7,"後門"
https://maps.app.goo.gl/7Wkmmxf5oBRgHSBK9,"後門"
https://maps.app.goo.gl/7JgScCHLQR9sCFYy7,"後門"
https://maps.app.goo.gl/DdWLWXSxdoLvxUZ2A,"後門"
https://maps.app.goo.gl/HSHpfL1efH84PPe27,"後門"
https://maps.app.goo.gl/Un9Hphuo21hAVA8P9,"後門"
https://maps.app.goo.gl/9y1C7pEaHwKdx6QNA,"後門"
https://maps.app.goo.gl/LJrcvFZH7shMkqhV9,"後門"
https://maps.app.goo.gl/5NVuj3hJL3AP4Lnf7,"後門"
https://maps.app.goo.gl/7KS7vfb63UJmKEP87,"後門"
https://maps.app.goo.gl/GeBCgTvLyYdrUL2M9,"後門"
https://maps.app.goo.gl/QMfpuRUZaJoyxNXH6,"後門"
